-- phpMyAdmin SQL Dump
-- version 4.5.2
-- http://www.phpmyadmin.net
--
-- Host: localhost
-- Generation Time: May 31, 2016 at 11:04 
-- Server version: 10.1.13-MariaDB
-- PHP Version: 5.6.21

SET SQL_MODE = "NO_AUTO_VALUE_ON_ZERO";
SET time_zone = "+00:00";


/*!40101 SET @OLD_CHARACTER_SET_CLIENT=@@CHARACTER_SET_CLIENT */;
/*!40101 SET @OLD_CHARACTER_SET_RESULTS=@@CHARACTER_SET_RESULTS */;
/*!40101 SET @OLD_COLLATION_CONNECTION=@@COLLATION_CONNECTION */;
/*!40101 SET NAMES utf8mb4 */;

--
-- Database: `sensorman`
--

-- --------------------------------------------------------

--
-- Table structure for table `groups`
--

CREATE TABLE `groups` (
  `id` mediumint(8) UNSIGNED NOT NULL,
  `name` varchar(20) NOT NULL,
  `description` varchar(100) NOT NULL
) ENGINE=InnoDB DEFAULT CHARSET=utf8;

--
-- Dumping data for table `groups`
--

INSERT INTO `groups` (`id`, `name`, `description`) VALUES
(1, 'admin', 'Administrator'),
(2, 'members', 'General User');

-- --------------------------------------------------------

--
-- Table structure for table `login_attempts`
--

CREATE TABLE `login_attempts` (
  `id` int(11) UNSIGNED NOT NULL,
  `ip_address` varchar(15) NOT NULL,
  `login` varchar(100) NOT NULL,
  `time` int(11) UNSIGNED DEFAULT NULL
) ENGINE=InnoDB DEFAULT CHARSET=utf8;

-- --------------------------------------------------------

--
-- Table structure for table `sensor`
--

CREATE TABLE `sensor` (
  `id` int(11) UNSIGNED NOT NULL,
  `group_id` int(11) UNSIGNED DEFAULT NULL,
  `user_id` int(11) UNSIGNED NOT NULL,
  `shared_with` int(11) UNSIGNED DEFAULT NULL,
  `sensor_key` varchar(512) NOT NULL,
  `sensor_type` varchar(16) DEFAULT NULL,
  `sensor_name` varchar(512) NOT NULL,
  `sensor_description` text,
  `created_on` timestamp NOT NULL DEFAULT CURRENT_TIMESTAMP,
  `last_updated` timestamp NOT NULL DEFAULT CURRENT_TIMESTAMP ON UPDATE CURRENT_TIMESTAMP,
  `status` varchar(11) DEFAULT NULL
) ENGINE=InnoDB DEFAULT CHARSET=latin1;

--
-- Dumping data for table `sensor`
--

INSERT INTO `sensor` (`id`, `group_id`, `user_id`, `shared_with`, `sensor_key`, `sensor_type`, `sensor_name`, `sensor_description`, `created_on`, `last_updated`, `status`) VALUES
(1, NULL, 2, NULL, '11059b0216dbfa53bc990bf9cc721e7913bdeb37', NULL, 'Python Sensor Test', 'A Dummy test sensor for fun.', '2016-04-11 21:06:30', '2016-04-13 13:20:58', 'DATA'),
(2, NULL, 2, NULL, '758853b2aa8a7ab9361a25c2a4228656e7313dd1', NULL, 'sensor2', 'another python sensor', '2016-04-21 16:41:49', '2016-04-21 16:41:49', NULL);

-- --------------------------------------------------------

--
-- Table structure for table `sensor_collab`
--

CREATE TABLE `sensor_collab` (
  `sensor_collab_id` int(11) UNSIGNED NOT NULL,
  `user_id` int(11) UNSIGNED NOT NULL,
  `sensor_collab_name` varchar(512) NOT NULL,
  `sensor_collab_desc` text,
  `sensor_x_id` int(11) UNSIGNED NOT NULL,
  `sensor_y_id` int(11) UNSIGNED DEFAULT NULL,
  `sensor_z_id` int(11) UNSIGNED DEFAULT NULL,
  `sensor_x_rule_id` int(11) UNSIGNED DEFAULT NULL,
  `sensor_y_rule_id` int(11) UNSIGNED DEFAULT NULL,
  `sensor_z_rule_id` int(11) UNSIGNED DEFAULT NULL,
  `comp_operator` varchar(16) DEFAULT NULL,
  `operator` varchar(11) NOT NULL,
  `created_on` timestamp NOT NULL DEFAULT CURRENT_TIMESTAMP,
  `status` varchar(11) DEFAULT NULL
) ENGINE=InnoDB DEFAULT CHARSET=latin1;

-- --------------------------------------------------------

--
-- Table structure for table `sensor_collab_data`
--

CREATE TABLE `sensor_collab_data` (
  `sensor_collab_data_id` int(11) UNSIGNED NOT NULL,
  `sensor_x_value` float DEFAULT NULL,
  `sensor_y_value` float DEFAULT NULL,
  `sensor_collab_id` int(11) UNSIGNED NOT NULL,
  `sensor_reading` float DEFAULT NULL,
  `timestamp` timestamp NULL DEFAULT CURRENT_TIMESTAMP ON UPDATE CURRENT_TIMESTAMP
) ENGINE=InnoDB DEFAULT CHARSET=latin1;

-- --------------------------------------------------------

--
-- Table structure for table `sensor_data`
--

CREATE TABLE `sensor_data` (
  `id` int(255) UNSIGNED NOT NULL,
  `sensor_id` int(11) UNSIGNED NOT NULL,
  `sensor_reading` float DEFAULT NULL,
  `timestamp` timestamp NOT NULL DEFAULT CURRENT_TIMESTAMP ON UPDATE CURRENT_TIMESTAMP
) ENGINE=InnoDB DEFAULT CHARSET=latin1;

--
-- Dumping data for table `sensor_data`
--

INSERT INTO `sensor_data` (`id`, `sensor_id`, `sensor_reading`, `timestamp`) VALUES
(1, 1, 48.0718, '2016-05-31 20:58:38'),
(2, 1, 36.8891, '2016-05-31 20:58:39'),
(3, 1, 50.3078, '2016-05-31 20:58:40'),
(4, 1, 40.5858, '2016-05-31 20:58:41'),
(5, 1, 40.791, '2016-05-31 20:58:42'),
(6, 1, 25.6793, '2016-05-31 20:58:43'),
(7, 1, 28.1046, '2016-05-31 20:58:44'),
(8, 1, 21.0794, '2016-05-31 20:58:45'),
(9, 1, 53.8798, '2016-05-31 20:58:46'),
(10, 1, 39.2223, '2016-05-31 20:58:47'),
(11, 1, 48.3144, '2016-05-31 20:58:49'),
(12, 1, 29.4366, '2016-05-31 20:58:50'),
(13, 1, 39.3436, '2016-05-31 20:58:51'),
(14, 1, 26.399, '2016-05-31 20:58:52'),
(15, 1, 41.0853, '2016-05-31 20:58:53'),
(16, 1, 30.2114, '2016-05-31 20:58:54'),
(17, 1, 28.0355, '2016-05-31 20:58:55'),
(18, 1, 49.3147, '2016-05-31 20:58:56'),
(19, 1, 29.766, '2016-05-31 20:58:57'),
(20, 1, 27.2187, '2016-05-31 20:58:58'),
(21, 1, 40.4003, '2016-05-31 20:58:59'),
(22, 1, 23.2299, '2016-05-31 20:59:00'),
(23, 1, 46.8494, '2016-05-31 20:59:01'),
(24, 1, 41.1828, '2016-05-31 20:59:02'),
(25, 1, 24.1867, '2016-05-31 20:59:03'),
(26, 1, 24.8421, '2016-05-31 20:59:04'),
(27, 1, 39.7559, '2016-05-31 20:59:05'),
(28, 1, 53.4533, '2016-05-31 20:59:06'),
(29, 1, 52.4752, '2016-05-31 20:59:07'),
(30, 1, 47.7537, '2016-05-31 20:59:08'),
(31, 1, 38.0468, '2016-05-31 20:59:10'),
(32, 1, 34.5347, '2016-05-31 20:59:11'),
(33, 1, 42.5178, '2016-05-31 20:59:12'),
(34, 1, 21.6592, '2016-05-31 20:59:13'),
(35, 1, 54.4657, '2016-05-31 20:59:14'),
(36, 1, 40.6219, '2016-05-31 20:59:15'),
(37, 1, 52.1296, '2016-05-31 20:59:16'),
(38, 2, 20.5537, '2016-05-31 20:59:17'),
(39, 1, 42.4856, '2016-05-31 20:59:17'),
(40, 2, 14.252, '2016-05-31 20:59:18'),
(41, 1, 52.7695, '2016-05-31 20:59:18'),
(42, 2, 28.1959, '2016-05-31 20:59:19'),
(43, 1, 24.345, '2016-05-31 20:59:19'),
(44, 2, 22.4308, '2016-05-31 20:59:20'),
(45, 1, 43.047, '2016-05-31 20:59:20'),
(46, 2, 31.884, '2016-05-31 20:59:21'),
(47, 1, 28.911, '2016-05-31 20:59:21'),
(48, 2, 17.9997, '2016-05-31 20:59:22'),
(49, 1, 42.3541, '2016-05-31 20:59:22'),
(50, 2, 28.7297, '2016-05-31 20:59:23'),
(51, 1, 56.7964, '2016-05-31 20:59:23'),
(52, 2, 30.5813, '2016-05-31 20:59:24'),
(53, 1, 24.2982, '2016-05-31 20:59:24'),
(54, 2, 14.2543, '2016-05-31 20:59:25'),
(55, 1, 30.5031, '2016-05-31 20:59:25'),
(56, 2, 19.3575, '2016-05-31 20:59:26'),
(57, 1, 22.3827, '2016-05-31 20:59:26'),
(58, 2, 30.6131, '2016-05-31 20:59:27'),
(59, 1, 44.1313, '2016-05-31 20:59:28'),
(60, 2, 29.1745, '2016-05-31 20:59:28'),
(61, 1, 21.491, '2016-05-31 20:59:29'),
(62, 2, 18.2986, '2016-05-31 20:59:30'),
(63, 1, 51.3883, '2016-05-31 20:59:30'),
(64, 2, 24.8282, '2016-05-31 20:59:31'),
(65, 1, 48.5127, '2016-05-31 20:59:31'),
(66, 2, 26.726, '2016-05-31 20:59:32'),
(67, 1, 37.9202, '2016-05-31 20:59:32'),
(68, 2, 31.0043, '2016-05-31 20:59:33'),
(69, 1, 41.1376, '2016-05-31 20:59:33'),
(70, 2, 25.2069, '2016-05-31 20:59:34'),
(71, 1, 29.2259, '2016-05-31 20:59:34'),
(72, 2, 15.4758, '2016-05-31 20:59:35'),
(73, 1, 53.2257, '2016-05-31 20:59:35'),
(74, 2, 33.4288, '2016-05-31 20:59:36'),
(75, 1, 24.4686, '2016-05-31 20:59:36'),
(76, 2, 35.2532, '2016-05-31 20:59:37'),
(77, 1, 36.3763, '2016-05-31 20:59:37'),
(78, 2, 27.4662, '2016-05-31 20:59:38'),
(79, 1, 35.8863, '2016-05-31 20:59:38'),
(80, 2, 17.3, '2016-05-31 20:59:39'),
(81, 1, 29.5047, '2016-05-31 20:59:39'),
(82, 2, 18.7769, '2016-05-31 20:59:40'),
(83, 1, 36.4318, '2016-05-31 20:59:40'),
(84, 2, 32.9214, '2016-05-31 20:59:41'),
(85, 1, 54.2864, '2016-05-31 20:59:41'),
(86, 2, 13.583, '2016-05-31 20:59:42'),
(87, 1, 30.7405, '2016-05-31 20:59:42'),
(88, 2, 34.3385, '2016-05-31 20:59:43'),
(89, 1, 35.9535, '2016-05-31 20:59:43'),
(90, 2, 15.6957, '2016-05-31 20:59:44'),
(91, 1, 46.0167, '2016-05-31 20:59:44'),
(92, 2, 31.9391, '2016-05-31 20:59:45'),
(93, 1, 44.1755, '2016-05-31 20:59:45'),
(94, 2, 36.0101, '2016-05-31 20:59:46'),
(95, 1, 28.4053, '2016-05-31 20:59:46'),
(96, 2, 34.5895, '2016-05-31 20:59:47'),
(97, 1, 40.3554, '2016-05-31 20:59:47'),
(98, 2, 30.5296, '2016-05-31 20:59:49'),
(99, 1, 30.2832, '2016-05-31 20:59:49'),
(100, 2, 13.3678, '2016-05-31 20:59:50'),
(101, 1, 38.8044, '2016-05-31 20:59:50'),
(102, 2, 27.4191, '2016-05-31 20:59:51'),
(103, 1, 24.4056, '2016-05-31 20:59:51'),
(104, 2, 22.9186, '2016-05-31 20:59:52'),
(105, 1, 42.8453, '2016-05-31 20:59:52'),
(106, 2, 25.2789, '2016-05-31 20:59:53'),
(107, 1, 35.858, '2016-05-31 20:59:53'),
(108, 2, 14.3574, '2016-05-31 20:59:54'),
(109, 1, 53.1885, '2016-05-31 20:59:54'),
(110, 2, 30.6001, '2016-05-31 20:59:55'),
(111, 1, 52.7827, '2016-05-31 20:59:55'),
(112, 2, 21.0314, '2016-05-31 20:59:56'),
(113, 1, 23.5929, '2016-05-31 20:59:56'),
(114, 2, 18.5529, '2016-05-31 20:59:57'),
(115, 1, 24.1758, '2016-05-31 20:59:57'),
(116, 2, 30.6847, '2016-05-31 20:59:58'),
(117, 1, 41.4586, '2016-05-31 20:59:58'),
(118, 2, 26.1046, '2016-05-31 20:59:59'),
(119, 1, 28.8972, '2016-05-31 20:59:59'),
(120, 2, 17.3262, '2016-05-31 21:00:00'),
(121, 1, 34.5042, '2016-05-31 21:00:00'),
(122, 2, 23.454, '2016-05-31 21:00:01'),
(123, 1, 40.6925, '2016-05-31 21:00:01'),
(124, 2, 21.041, '2016-05-31 21:00:02'),
(125, 1, 26.8688, '2016-05-31 21:00:02'),
(126, 2, 34.5269, '2016-05-31 21:00:03'),
(127, 1, 55.2001, '2016-05-31 21:00:03'),
(128, 2, 18.1474, '2016-05-31 21:00:04'),
(129, 1, 33.8481, '2016-05-31 21:00:04'),
(130, 2, 31.7546, '2016-05-31 21:00:05'),
(131, 1, 55.6848, '2016-05-31 21:00:05'),
(132, 2, 28.2704, '2016-05-31 21:00:06'),
(133, 1, 52.5831, '2016-05-31 21:00:07'),
(134, 2, 14.6732, '2016-05-31 21:00:07'),
(135, 1, 50.6148, '2016-05-31 21:00:08'),
(136, 2, 13.0437, '2016-05-31 21:00:09'),
(137, 1, 31.2896, '2016-05-31 21:00:09'),
(138, 2, 21.5079, '2016-05-31 21:00:10'),
(139, 1, 55.4795, '2016-05-31 21:00:10'),
(140, 2, 15.1101, '2016-05-31 21:00:11'),
(141, 1, 36.9214, '2016-05-31 21:00:11'),
(142, 2, 22.6233, '2016-05-31 21:00:12'),
(143, 1, 24.8822, '2016-05-31 21:00:12'),
(144, 2, 18.513, '2016-05-31 21:00:13'),
(145, 1, 45.205, '2016-05-31 21:00:13'),
(146, 2, 25.4976, '2016-05-31 21:00:14'),
(147, 1, 28.6859, '2016-05-31 21:00:14'),
(148, 2, 31.2827, '2016-05-31 21:00:15'),
(149, 1, 22.4436, '2016-05-31 21:00:15'),
(150, 2, 21.7849, '2016-05-31 21:00:16'),
(151, 1, 47.4389, '2016-05-31 21:00:16'),
(152, 2, 32.7045, '2016-05-31 21:00:17'),
(153, 1, 37.3282, '2016-05-31 21:00:17'),
(154, 2, 25.6127, '2016-05-31 21:00:18'),
(155, 1, 52.391, '2016-05-31 21:00:18'),
(156, 2, 16.5826, '2016-05-31 21:00:19'),
(157, 1, 42.9697, '2016-05-31 21:00:19'),
(158, 2, 26.7251, '2016-05-31 21:00:20'),
(159, 1, 55.4828, '2016-05-31 21:00:20'),
(160, 2, 18.3032, '2016-05-31 21:00:21'),
(161, 1, 40.86, '2016-05-31 21:00:21'),
(162, 2, 34.4695, '2016-05-31 21:00:22'),
(163, 1, 32.2729, '2016-05-31 21:00:22'),
(164, 2, 30.5937, '2016-05-31 21:00:23'),
(165, 1, 38.182, '2016-05-31 21:00:23'),
(166, 2, 35.5029, '2016-05-31 21:00:24'),
(167, 1, 25.7157, '2016-05-31 21:00:24'),
(168, 2, 24.1666, '2016-05-31 21:00:25'),
(169, 1, 27.684, '2016-05-31 21:00:25'),
(170, 2, 15.5854, '2016-05-31 21:00:26'),
(171, 1, 29.448, '2016-05-31 21:00:26'),
(172, 2, 27.7452, '2016-05-31 21:00:27'),
(173, 1, 23.9571, '2016-05-31 21:00:28'),
(174, 2, 19.2883, '2016-05-31 21:00:28'),
(175, 1, 36.6229, '2016-05-31 21:00:29'),
(176, 2, 20.9352, '2016-05-31 21:00:29'),
(177, 1, 38.8301, '2016-05-31 21:00:30'),
(178, 2, 25.2551, '2016-05-31 21:00:31'),
(179, 1, 51.3633, '2016-05-31 21:00:31'),
(180, 2, 36.5877, '2016-05-31 21:00:32'),
(181, 1, 36.82, '2016-05-31 21:00:32'),
(182, 2, 23.0196, '2016-05-31 21:00:33'),
(183, 1, 44.9289, '2016-05-31 21:00:33'),
(184, 2, 29.6429, '2016-05-31 21:00:34'),
(185, 1, 41.1616, '2016-05-31 21:00:34'),
(186, 2, 32.627, '2016-05-31 21:00:35'),
(187, 1, 25.0495, '2016-05-31 21:00:35'),
(188, 2, 32.1619, '2016-05-31 21:00:36'),
(189, 1, 40.3272, '2016-05-31 21:00:36'),
(190, 2, 26.9257, '2016-05-31 21:00:37'),
(191, 1, 43.7619, '2016-05-31 21:00:37'),
(192, 2, 20.7865, '2016-05-31 21:00:38'),
(193, 1, 25.8658, '2016-05-31 21:00:38'),
(194, 2, 20.3594, '2016-05-31 21:00:39'),
(195, 1, 31.109, '2016-05-31 21:00:39'),
(196, 2, 13.1893, '2016-05-31 21:00:40'),
(197, 1, 24.9391, '2016-05-31 21:00:40'),
(198, 2, 15.4742, '2016-05-31 21:00:41'),
(199, 1, 47.0703, '2016-05-31 21:00:41'),
(200, 2, 23.3931, '2016-05-31 21:00:42'),
(201, 1, 28.038, '2016-05-31 21:00:42'),
(202, 2, 17.8038, '2016-05-31 21:00:43'),
(203, 1, 39.9564, '2016-05-31 21:00:43'),
(204, 2, 13.9001, '2016-05-31 21:00:44'),
(205, 1, 28.2487, '2016-05-31 21:00:44'),
(206, 2, 14.1029, '2016-05-31 21:00:45'),
(207, 1, 38.2092, '2016-05-31 21:00:45'),
(208, 2, 34.0769, '2016-05-31 21:00:46'),
(209, 1, 55.2991, '2016-05-31 21:00:46'),
(210, 2, 30.2305, '2016-05-31 21:00:47'),
(211, 1, 30.3674, '2016-05-31 21:00:48'),
(212, 2, 33.6088, '2016-05-31 21:00:48'),
(213, 1, 52.0189, '2016-05-31 21:00:49'),
(214, 2, 35.9958, '2016-05-31 21:00:49'),
(215, 1, 53.442, '2016-05-31 21:00:50'),
(216, 2, 14.1332, '2016-05-31 21:00:51'),
(217, 1, 38.6249, '2016-05-31 21:00:51'),
(218, 2, 15.0057, '2016-05-31 21:00:52'),
(219, 1, 26.4164, '2016-05-31 21:00:52'),
(220, 2, 17.7348, '2016-05-31 21:00:53'),
(221, 1, 41.3957, '2016-05-31 21:00:53'),
(222, 1, 39.9562, '2016-05-31 21:00:54'),
(223, 2, 18.6389, '2016-05-31 21:00:54'),
(224, 1, 36.6528, '2016-05-31 21:00:55'),
(225, 2, 36.3091, '2016-05-31 21:00:55'),
(226, 1, 36.0678, '2016-05-31 21:00:56'),
(227, 2, 27.7682, '2016-05-31 21:00:56'),
(228, 1, 42.04, '2016-05-31 21:00:57'),
(229, 2, 14.3373, '2016-05-31 21:00:57'),
(230, 1, 25.8202, '2016-05-31 21:00:58'),
(231, 2, 20.2887, '2016-05-31 21:00:58'),
(232, 1, 33.8732, '2016-05-31 21:00:59'),
(233, 2, 25.0348, '2016-05-31 21:00:59'),
(234, 1, 29.2918, '2016-05-31 21:01:00'),
(235, 2, 29.6867, '2016-05-31 21:01:00'),
(236, 1, 24.1623, '2016-05-31 21:01:01'),
(237, 2, 23.4951, '2016-05-31 21:01:01'),
(238, 1, 26.9089, '2016-05-31 21:01:02'),
(239, 2, 18.1031, '2016-05-31 21:01:02'),
(240, 1, 22.3453, '2016-05-31 21:01:03'),
(241, 2, 22.5119, '2016-05-31 21:01:04'),
(242, 1, 34.7552, '2016-05-31 21:01:05'),
(243, 2, 24.9713, '2016-05-31 21:01:05'),
(244, 1, 28.2135, '2016-05-31 21:01:06'),
(245, 2, 30.9177, '2016-05-31 21:01:06'),
(246, 1, 32.953, '2016-05-31 21:01:07'),
(247, 2, 23.1077, '2016-05-31 21:01:07'),
(248, 1, 32.639, '2016-05-31 21:01:08'),
(249, 2, 25.0714, '2016-05-31 21:01:08'),
(250, 1, 40.8053, '2016-05-31 21:01:09'),
(251, 2, 17.8928, '2016-05-31 21:01:09'),
(252, 1, 39.0423, '2016-05-31 21:01:10'),
(253, 2, 15.9722, '2016-05-31 21:01:10'),
(254, 2, 24.8481, '2016-05-31 21:01:11'),
(255, 1, 38.785, '2016-05-31 21:01:11'),
(256, 2, 18.1613, '2016-05-31 21:01:12'),
(257, 1, 22.7264, '2016-05-31 21:01:12'),
(258, 2, 32.7351, '2016-05-31 21:01:13'),
(259, 1, 49.3636, '2016-05-31 21:01:13'),
(260, 2, 33.015, '2016-05-31 21:01:14'),
(261, 1, 34.8206, '2016-05-31 21:01:14'),
(262, 2, 36.5764, '2016-05-31 21:01:15'),
(263, 1, 39.7826, '2016-05-31 21:01:15'),
(264, 2, 34.5461, '2016-05-31 21:01:16'),
(265, 1, 50.6179, '2016-05-31 21:01:16'),
(266, 2, 23.1805, '2016-05-31 21:01:17'),
(267, 1, 35.0743, '2016-05-31 21:01:17'),
(268, 2, 35.1111, '2016-05-31 21:01:18'),
(269, 1, 27.491, '2016-05-31 21:01:18'),
(270, 2, 22.6438, '2016-05-31 21:01:19'),
(271, 1, 41.3484, '2016-05-31 21:01:20'),
(272, 2, 17.0875, '2016-05-31 21:01:20'),
(273, 1, 32.9829, '2016-05-31 21:01:21'),
(274, 2, 35.4738, '2016-05-31 21:01:21'),
(275, 1, 42.2882, '2016-05-31 21:01:22'),
(276, 2, 35.0348, '2016-05-31 21:01:23'),
(277, 1, 36.0687, '2016-05-31 21:01:23'),
(278, 2, 24.783, '2016-05-31 21:01:24'),
(279, 1, 32.3285, '2016-05-31 21:01:24'),
(280, 2, 13.5314, '2016-05-31 21:01:25'),
(281, 1, 50.6331, '2016-05-31 21:01:25'),
(282, 2, 24.4765, '2016-05-31 21:01:26'),
(283, 1, 43.0091, '2016-05-31 21:01:26'),
(284, 2, 27.46, '2016-05-31 21:01:27'),
(285, 1, 25.2448, '2016-05-31 21:01:27'),
(286, 2, 19.4467, '2016-05-31 21:01:28'),
(287, 1, 36.5502, '2016-05-31 21:01:28'),
(288, 2, 25.2492, '2016-05-31 21:01:29'),
(289, 1, 37.6736, '2016-05-31 21:01:29'),
(290, 2, 24.2366, '2016-05-31 21:01:30'),
(291, 1, 26.5903, '2016-05-31 21:01:30'),
(292, 2, 20.8609, '2016-05-31 21:01:31'),
(293, 1, 51.7, '2016-05-31 21:01:31'),
(294, 2, 30.9676, '2016-05-31 21:01:32'),
(295, 1, 23.2244, '2016-05-31 21:01:32'),
(296, 2, 20.3842, '2016-05-31 21:01:33'),
(297, 1, 34.4285, '2016-05-31 21:01:33'),
(298, 2, 26.623, '2016-05-31 21:01:34'),
(299, 1, 33.7478, '2016-05-31 21:01:34'),
(300, 2, 24.0953, '2016-05-31 21:01:35'),
(301, 1, 37.9579, '2016-05-31 21:01:35'),
(302, 2, 25.1399, '2016-05-31 21:01:36'),
(303, 1, 22.8162, '2016-05-31 21:01:36'),
(304, 2, 35.3441, '2016-05-31 21:01:37'),
(305, 1, 51.6894, '2016-05-31 21:01:38'),
(306, 2, 13.2804, '2016-05-31 21:01:38'),
(307, 1, 55.0006, '2016-05-31 21:01:39'),
(308, 2, 29.909, '2016-05-31 21:01:39'),
(309, 1, 29.3512, '2016-05-31 21:01:40'),
(310, 2, 32.4055, '2016-05-31 21:01:41'),
(311, 1, 37.0974, '2016-05-31 21:01:41'),
(312, 2, 27.2966, '2016-05-31 21:01:42'),
(313, 1, 44.8318, '2016-05-31 21:01:42'),
(314, 2, 27.3162, '2016-05-31 21:01:43'),
(315, 1, 30.4802, '2016-05-31 21:01:43'),
(316, 2, 36.0728, '2016-05-31 21:01:44'),
(317, 1, 56.2089, '2016-05-31 21:01:44'),
(318, 2, 29.9446, '2016-05-31 21:01:45'),
(319, 1, 37.6797, '2016-05-31 21:01:45'),
(320, 2, 24.767, '2016-05-31 21:01:46'),
(321, 1, 22.9837, '2016-05-31 21:01:46'),
(322, 2, 22.7547, '2016-05-31 21:01:47'),
(323, 1, 26.8879, '2016-05-31 21:01:47'),
(324, 2, 18.0244, '2016-05-31 21:01:48'),
(325, 1, 35.5499, '2016-05-31 21:01:48'),
(326, 2, 20.0519, '2016-05-31 21:01:49'),
(327, 1, 23.6698, '2016-05-31 21:01:49'),
(328, 2, 25.8969, '2016-05-31 21:01:50'),
(329, 1, 23.6078, '2016-05-31 21:01:50'),
(330, 2, 29.1623, '2016-05-31 21:01:51'),
(331, 1, 49.4305, '2016-05-31 21:01:51'),
(332, 2, 13.6552, '2016-05-31 21:01:52'),
(333, 1, 27.4195, '2016-05-31 21:01:52'),
(334, 2, 15.3874, '2016-05-31 21:01:53'),
(335, 1, 44.0029, '2016-05-31 21:01:53'),
(336, 2, 30.8654, '2016-05-31 21:01:54'),
(337, 1, 31.7533, '2016-05-31 21:01:54'),
(338, 2, 27.4482, '2016-05-31 21:01:55'),
(339, 1, 41.1757, '2016-05-31 21:01:55'),
(340, 2, 33.168, '2016-05-31 21:01:56'),
(341, 1, 39.3164, '2016-05-31 21:01:56'),
(342, 2, 24.9339, '2016-05-31 21:01:57'),
(343, 1, 45.8602, '2016-05-31 21:01:58'),
(344, 2, 35.4591, '2016-05-31 21:01:58'),
(345, 1, 45.6118, '2016-05-31 21:01:59'),
(346, 2, 23.5224, '2016-05-31 21:02:00'),
(347, 1, 28.8711, '2016-05-31 21:02:00'),
(348, 2, 34.8612, '2016-05-31 21:02:01'),
(349, 1, 34.7092, '2016-05-31 21:02:01'),
(350, 2, 20.7008, '2016-05-31 21:02:02'),
(351, 1, 37.7803, '2016-05-31 21:02:02'),
(352, 2, 26.8695, '2016-05-31 21:02:03'),
(353, 1, 40.5763, '2016-05-31 21:02:03'),
(354, 2, 21.089, '2016-05-31 21:02:04'),
(355, 1, 23.9191, '2016-05-31 21:02:04'),
(356, 2, 33.0121, '2016-05-31 21:02:05'),
(357, 1, 51.2666, '2016-05-31 21:02:05'),
(358, 2, 22.5986, '2016-05-31 21:02:06'),
(359, 1, 30.4032, '2016-05-31 21:02:06'),
(360, 2, 21.9974, '2016-05-31 21:02:07'),
(361, 1, 52.0115, '2016-05-31 21:02:07'),
(362, 2, 34.1403, '2016-05-31 21:02:08'),
(363, 1, 30.1921, '2016-05-31 21:02:08'),
(364, 2, 21.5463, '2016-05-31 21:02:09'),
(365, 1, 52.064, '2016-05-31 21:02:09'),
(366, 2, 34.8835, '2016-05-31 21:02:10'),
(367, 1, 50.0151, '2016-05-31 21:02:10'),
(368, 2, 17.6174, '2016-05-31 21:02:11'),
(369, 1, 53.8932, '2016-05-31 21:02:12'),
(370, 2, 17.3068, '2016-05-31 21:02:12'),
(371, 1, 56.8499, '2016-05-31 21:02:13'),
(372, 2, 29.2428, '2016-05-31 21:02:13'),
(373, 1, 50.893, '2016-05-31 21:02:14'),
(374, 2, 33.2315, '2016-05-31 21:02:14'),
(375, 1, 27.8444, '2016-05-31 21:02:15'),
(376, 2, 21.1336, '2016-05-31 21:02:16'),
(377, 1, 45.2942, '2016-05-31 21:02:16'),
(378, 2, 23.6106, '2016-05-31 21:02:17'),
(379, 1, 45.0815, '2016-05-31 21:02:17'),
(380, 2, 25.5467, '2016-05-31 21:02:18'),
(381, 1, 42.5829, '2016-05-31 21:02:18'),
(382, 2, 13.0874, '2016-05-31 21:02:19'),
(383, 1, 38.1697, '2016-05-31 21:02:19'),
(384, 2, 15.0864, '2016-05-31 21:02:20'),
(385, 1, 45.396, '2016-05-31 21:02:20'),
(386, 2, 29.2619, '2016-05-31 21:02:21'),
(387, 1, 56.3981, '2016-05-31 21:02:21'),
(388, 2, 33.0668, '2016-05-31 21:02:22'),
(389, 1, 54.7394, '2016-05-31 21:02:22'),
(390, 2, 24.6505, '2016-05-31 21:02:23'),
(391, 1, 52.0236, '2016-05-31 21:02:23'),
(392, 2, 17.8213, '2016-05-31 21:02:24'),
(393, 1, 54.0601, '2016-05-31 21:02:24'),
(394, 2, 26.9839, '2016-05-31 21:02:25'),
(395, 1, 56.5166, '2016-05-31 21:02:25'),
(396, 2, 25.4387, '2016-05-31 21:02:26'),
(397, 1, 46.5667, '2016-05-31 21:02:26'),
(398, 2, 23.2208, '2016-05-31 21:02:27'),
(399, 1, 53.9249, '2016-05-31 21:02:27'),
(400, 2, 25.9288, '2016-05-31 21:02:28'),
(401, 1, 27.1553, '2016-05-31 21:02:28'),
(402, 2, 31.6177, '2016-05-31 21:02:29'),
(403, 1, 26.5707, '2016-05-31 21:02:29'),
(404, 2, 25.5849, '2016-05-31 21:02:30'),
(405, 1, 46.0471, '2016-05-31 21:02:30'),
(406, 2, 35.219, '2016-05-31 21:02:32'),
(407, 1, 42.6629, '2016-05-31 21:02:32'),
(408, 2, 17.67, '2016-05-31 21:02:33'),
(409, 1, 54.0398, '2016-05-31 21:02:33'),
(410, 2, 16.5404, '2016-05-31 21:02:34'),
(411, 1, 37.6679, '2016-05-31 21:02:34'),
(412, 2, 25.2445, '2016-05-31 21:02:35'),
(413, 1, 32.4323, '2016-05-31 21:02:35'),
(414, 2, 22.6935, '2016-05-31 21:02:36'),
(415, 1, 41.6485, '2016-05-31 21:02:36'),
(416, 2, 29.2274, '2016-05-31 21:02:37'),
(417, 1, 56.5321, '2016-05-31 21:02:37'),
(418, 2, 19.2016, '2016-05-31 21:02:38'),
(419, 1, 23.9826, '2016-05-31 21:02:38'),
(420, 2, 35.2197, '2016-05-31 21:02:39'),
(421, 1, 28.6857, '2016-05-31 21:02:39'),
(422, 2, 33.1813, '2016-05-31 21:02:40'),
(423, 1, 29.3518, '2016-05-31 21:02:40'),
(424, 2, 14.704, '2016-05-31 21:02:41'),
(425, 1, 43.2468, '2016-05-31 21:02:41'),
(426, 2, 18.6638, '2016-05-31 21:02:42'),
(427, 1, 31.8675, '2016-05-31 21:02:42'),
(428, 2, 24.9028, '2016-05-31 21:02:43'),
(429, 1, 49.4381, '2016-05-31 21:02:43'),
(430, 2, 33.6507, '2016-05-31 21:02:44'),
(431, 1, 44.794, '2016-05-31 21:02:45'),
(432, 2, 30.3878, '2016-05-31 21:02:46'),
(433, 1, 27.4049, '2016-05-31 21:02:46'),
(434, 2, 24.7765, '2016-05-31 21:02:47'),
(435, 1, 21.9564, '2016-05-31 21:02:47'),
(436, 2, 33.3894, '2016-05-31 21:02:48'),
(437, 1, 51.7307, '2016-05-31 21:02:48'),
(438, 2, 27.5959, '2016-05-31 21:02:49'),
(439, 1, 28.4339, '2016-05-31 21:02:49'),
(440, 2, 17.914, '2016-05-31 21:02:50'),
(441, 1, 38.814, '2016-05-31 21:02:50'),
(442, 2, 18.0295, '2016-05-31 21:02:51'),
(443, 1, 37.394, '2016-05-31 21:02:51'),
(444, 2, 13.5409, '2016-05-31 21:02:52'),
(445, 1, 39.2953, '2016-05-31 21:02:52'),
(446, 2, 28.123, '2016-05-31 21:02:53'),
(447, 1, 48.5165, '2016-05-31 21:02:53'),
(448, 2, 25.2635, '2016-05-31 21:02:54'),
(449, 1, 46.5412, '2016-05-31 21:02:54'),
(450, 2, 20.7777, '2016-05-31 21:02:55'),
(451, 1, 32.1276, '2016-05-31 21:02:55'),
(452, 2, 17.7972, '2016-05-31 21:02:56'),
(453, 1, 54.9043, '2016-05-31 21:02:56'),
(454, 2, 15.4393, '2016-05-31 21:02:57'),
(455, 1, 40.8523, '2016-05-31 21:02:57'),
(456, 2, 23.7353, '2016-05-31 21:02:58'),
(457, 1, 39.4034, '2016-05-31 21:02:58'),
(458, 2, 36.5219, '2016-05-31 21:02:59'),
(459, 1, 32.4339, '2016-05-31 21:02:59'),
(460, 2, 14.1247, '2016-05-31 21:03:00'),
(461, 1, 32.3604, '2016-05-31 21:03:00'),
(462, 2, 26.9365, '2016-05-31 21:03:01'),
(463, 1, 26.136, '2016-05-31 21:03:01'),
(464, 2, 18.1139, '2016-05-31 21:03:02'),
(465, 1, 52.4571, '2016-05-31 21:03:03'),
(466, 2, 27.7598, '2016-05-31 21:03:04'),
(467, 1, 43.8751, '2016-05-31 21:03:04'),
(468, 2, 17.9751, '2016-05-31 21:03:05'),
(469, 1, 36.9895, '2016-05-31 21:03:05'),
(470, 2, 18.4438, '2016-05-31 21:03:06'),
(471, 1, 47.0915, '2016-05-31 21:03:06'),
(472, 2, 16.8019, '2016-05-31 21:03:07'),
(473, 1, 37.0555, '2016-05-31 21:03:07'),
(474, 2, 23.7802, '2016-05-31 21:03:08'),
(475, 1, 38.7365, '2016-05-31 21:03:08'),
(476, 2, 14.3298, '2016-05-31 21:03:09'),
(477, 1, 40.122, '2016-05-31 21:03:09'),
(478, 2, 26.5051, '2016-05-31 21:03:10'),
(479, 1, 50.5598, '2016-05-31 21:03:10'),
(480, 2, 30.2165, '2016-05-31 21:03:11'),
(481, 1, 29.5259, '2016-05-31 21:03:11'),
(482, 2, 15.5705, '2016-05-31 21:03:12'),
(483, 1, 24.5938, '2016-05-31 21:03:12'),
(484, 2, 17.2922, '2016-05-31 21:03:13'),
(485, 1, 37.039, '2016-05-31 21:03:13'),
(486, 2, 23.5858, '2016-05-31 21:03:14'),
(487, 1, 27.9084, '2016-05-31 21:03:14'),
(488, 2, 22.2403, '2016-05-31 21:03:15'),
(489, 1, 51.2543, '2016-05-31 21:03:15'),
(490, 2, 28.0672, '2016-05-31 21:03:16'),
(491, 1, 36.4753, '2016-05-31 21:03:17'),
(492, 2, 15.1955, '2016-05-31 21:03:17'),
(493, 1, 51.3554, '2016-05-31 21:03:18'),
(494, 2, 30.6185, '2016-05-31 21:03:18'),
(495, 1, 43.0938, '2016-05-31 21:03:19'),
(496, 2, 21.2517, '2016-05-31 21:03:20'),
(497, 1, 53.0187, '2016-05-31 21:03:20'),
(498, 2, 14.524, '2016-05-31 21:03:21'),
(499, 1, 47.1188, '2016-05-31 21:03:21'),
(500, 2, 32.5595, '2016-05-31 21:03:22'),
(501, 1, 24.5239, '2016-05-31 21:03:22'),
(502, 2, 25.7395, '2016-05-31 21:03:23'),
(503, 1, 52.2765, '2016-05-31 21:03:23'),
(504, 2, 20.169, '2016-05-31 21:03:24'),
(505, 1, 31.0471, '2016-05-31 21:03:24'),
(506, 2, 28.0377, '2016-05-31 21:03:25'),
(507, 1, 46.5876, '2016-05-31 21:03:25'),
(508, 2, 20.5498, '2016-05-31 21:03:26'),
(509, 1, 45.7387, '2016-05-31 21:03:26'),
(510, 2, 18.0909, '2016-05-31 21:03:27'),
(511, 1, 32.2996, '2016-05-31 21:03:27'),
(512, 2, 36.7297, '2016-05-31 21:03:28'),
(513, 1, 40.8668, '2016-05-31 21:03:28'),
(514, 1, 27.6064, '2016-05-31 21:03:29'),
(515, 2, 17.2806, '2016-05-31 21:03:29'),
(516, 1, 32.8207, '2016-05-31 21:03:30'),
(517, 2, 27.5545, '2016-05-31 21:03:30'),
(518, 1, 38.4032, '2016-05-31 21:03:31'),
(519, 2, 18.348, '2016-05-31 21:03:31'),
(520, 1, 50.9163, '2016-05-31 21:03:32'),
(521, 2, 33.6857, '2016-05-31 21:03:32'),
(522, 1, 28.0231, '2016-05-31 21:03:33'),
(523, 2, 23.3687, '2016-05-31 21:03:34'),
(524, 1, 33.5443, '2016-05-31 21:03:35'),
(525, 2, 36.1866, '2016-05-31 21:03:35'),
(526, 1, 52.8079, '2016-05-31 21:03:36'),
(527, 2, 14.2357, '2016-05-31 21:03:36'),
(528, 1, 25.4198, '2016-05-31 21:03:37'),
(529, 2, 18.8219, '2016-05-31 21:03:37'),
(530, 1, 42.8901, '2016-05-31 21:03:38'),
(531, 2, 31.634, '2016-05-31 21:03:38'),
(532, 1, 23.2596, '2016-05-31 21:03:39'),
(533, 2, 25.036, '2016-05-31 21:03:39'),
(534, 1, 27.0897, '2016-05-31 21:03:40'),
(535, 2, 16.0607, '2016-05-31 21:03:40'),
(536, 1, 21.5933, '2016-05-31 21:03:41'),
(537, 2, 36.8871, '2016-05-31 21:03:41'),
(538, 1, 53.4871, '2016-05-31 21:03:42'),
(539, 2, 23.3751, '2016-05-31 21:03:42'),
(540, 1, 39.6471, '2016-05-31 21:03:43'),
(541, 2, 30.1499, '2016-05-31 21:03:43'),
(542, 1, 43.4252, '2016-05-31 21:03:44'),
(543, 2, 17.7631, '2016-05-31 21:03:44'),
(544, 1, 39.3989, '2016-05-31 21:03:45'),
(545, 2, 32.4703, '2016-05-31 21:03:45'),
(546, 1, 27.4268, '2016-05-31 21:03:46'),
(547, 2, 21.5208, '2016-05-31 21:03:46'),
(548, 1, 30.1926, '2016-05-31 21:03:47'),
(549, 2, 14.505, '2016-05-31 21:03:47'),
(550, 1, 49.7151, '2016-05-31 21:03:48'),
(551, 2, 33.6257, '2016-05-31 21:03:48'),
(552, 1, 37.9715, '2016-05-31 21:03:49'),
(553, 2, 32.0758, '2016-05-31 21:03:49'),
(554, 1, 47.0611, '2016-05-31 21:03:50'),
(555, 2, 21.6745, '2016-05-31 21:03:50'),
(556, 1, 22.6624, '2016-05-31 21:03:51'),
(557, 2, 31.4855, '2016-05-31 21:03:52'),
(558, 1, 56.8083, '2016-05-31 21:03:53'),
(559, 2, 28.9643, '2016-05-31 21:03:53'),
(560, 1, 35.094, '2016-05-31 21:03:54'),
(561, 2, 36.294, '2016-05-31 21:03:54'),
(562, 1, 35.4634, '2016-05-31 21:03:55'),
(563, 2, 17.9156, '2016-05-31 21:03:55'),
(564, 1, 29.2296, '2016-05-31 21:03:56'),
(565, 2, 28.1194, '2016-05-31 21:03:56'),
(566, 1, 26.796, '2016-05-31 21:03:57'),
(567, 2, 15.7466, '2016-05-31 21:03:57'),
(568, 1, 52.4656, '2016-05-31 21:03:58'),
(569, 2, 32.5739, '2016-05-31 21:03:58'),
(570, 1, 35.5084, '2016-05-31 21:03:59'),
(571, 2, 22.171, '2016-05-31 21:03:59'),
(572, 1, 56.9574, '2016-05-31 21:04:00'),
(573, 2, 22.0788, '2016-05-31 21:04:00'),
(574, 1, 43.5083, '2016-05-31 21:04:01'),
(575, 2, 16.3751, '2016-05-31 21:04:01'),
(576, 1, 55.359, '2016-05-31 21:04:02'),
(577, 2, 27.7946, '2016-05-31 21:04:02'),
(578, 1, 26.2495, '2016-05-31 21:04:03'),
(579, 2, 28.6744, '2016-05-31 21:04:03'),
(580, 1, 51.5864, '2016-05-31 21:04:04'),
(581, 2, 33.3603, '2016-05-31 21:04:04'),
(582, 1, 50.5449, '2016-05-31 21:04:05'),
(583, 2, 21.0468, '2016-05-31 21:04:05'),
(584, 1, 34.4768, '2016-05-31 21:04:06'),
(585, 2, 29.098, '2016-05-31 21:04:07'),
(586, 1, 41.5699, '2016-05-31 21:04:07'),
(587, 2, 23.3386, '2016-05-31 21:04:08'),
(588, 1, 42.7425, '2016-05-31 21:04:09'),
(589, 2, 21.8466, '2016-05-31 21:04:09'),
(590, 1, 34.9234, '2016-05-31 21:04:10'),
(591, 2, 23.4311, '2016-05-31 21:04:10'),
(592, 1, 34.5674, '2016-05-31 21:04:11'),
(593, 2, 13.1223, '2016-05-31 21:04:11'),
(594, 1, 32.4551, '2016-05-31 21:04:12'),
(595, 2, 17.5293, '2016-05-31 21:04:12'),
(596, 1, 20.1937, '2016-05-31 21:04:13'),
(597, 2, 22.463, '2016-05-31 21:04:13'),
(598, 1, 36.5787, '2016-05-31 21:04:14'),
(599, 2, 25.604, '2016-05-31 21:04:14'),
(600, 1, 41.6504, '2016-05-31 21:04:15'),
(601, 2, 25.3517, '2016-05-31 21:04:15'),
(602, 1, 21.7879, '2016-05-31 21:04:16'),
(603, 2, 17.58, '2016-05-31 21:04:16'),
(604, 1, 51.5618, '2016-05-31 21:04:17'),
(605, 2, 28.6852, '2016-05-31 21:04:17'),
(606, 1, 22.7642, '2016-05-31 21:04:18'),
(607, 2, 35.2874, '2016-05-31 21:04:18'),
(608, 1, 43.6985, '2016-05-31 21:04:19'),
(609, 2, 27.3639, '2016-05-31 21:04:19'),
(610, 1, 30.9756, '2016-05-31 21:04:20'),
(611, 2, 32.1612, '2016-05-31 21:04:20'),
(612, 1, 36.7716, '2016-05-31 21:04:21'),
(613, 2, 23.5917, '2016-05-31 21:04:21'),
(614, 1, 42.4869, '2016-05-31 21:04:22'),
(615, 2, 15.075, '2016-05-31 21:04:22'),
(616, 1, 39.0504, '2016-05-31 21:04:23'),
(617, 2, 21.9239, '2016-05-31 21:04:24'),
(618, 1, 34.1031, '2016-05-31 21:04:24'),
(619, 2, 32.136, '2016-05-31 21:04:25'),
(620, 1, 22.3898, '2016-05-31 21:04:26'),
(621, 2, 33.7048, '2016-05-31 21:04:26'),
(622, 1, 42.9939, '2016-05-31 21:04:27'),
(623, 2, 18.3328, '2016-05-31 21:04:27'),
(624, 1, 36.2513, '2016-05-31 21:04:28'),
(625, 2, 17.8092, '2016-05-31 21:04:28'),
(626, 1, 50.4603, '2016-05-31 21:04:29'),
(627, 2, 21.9822, '2016-05-31 21:04:29'),
(628, 1, 31.8498, '2016-05-31 21:04:30'),
(629, 2, 15.887, '2016-05-31 21:04:30'),
(630, 1, 51.4427, '2016-05-31 21:04:31'),
(631, 2, 23.1796, '2016-05-31 21:04:31'),
(632, 1, 51.1525, '2016-05-31 21:04:32');

-- --------------------------------------------------------

--
-- Table structure for table `sensor_group`
--

CREATE TABLE `sensor_group` (
  `id` int(11) UNSIGNED NOT NULL,
  `user_id` int(11) UNSIGNED NOT NULL,
  `group_name` varchar(512) NOT NULL,
  `description` text
) ENGINE=InnoDB DEFAULT CHARSET=latin1;

-- --------------------------------------------------------

--
-- Table structure for table `sensor_rule`
--

CREATE TABLE `sensor_rule` (
  `rule_id` int(11) UNSIGNED NOT NULL,
  `sensor_id` int(11) UNSIGNED NOT NULL,
  `rule_type` varchar(32) NOT NULL,
  `rule_value` float NOT NULL
) ENGINE=InnoDB DEFAULT CHARSET=latin1;

--
-- Dumping data for table `sensor_rule`
--

INSERT INTO `sensor_rule` (`rule_id`, `sensor_id`, `rule_type`, `rule_value`) VALUES
(1, 1, 'high', 75),
(2, 2, 'high', 60);

-- --------------------------------------------------------

--
-- Table structure for table `sensor_rule_status`
--

CREATE TABLE `sensor_rule_status` (
  `status_id` int(11) UNSIGNED NOT NULL,
  `sensor_rule_id` int(11) UNSIGNED NOT NULL,
  `triggered_time` timestamp NOT NULL DEFAULT CURRENT_TIMESTAMP
) ENGINE=InnoDB DEFAULT CHARSET=latin1;

-- --------------------------------------------------------

--
-- Table structure for table `users`
--

CREATE TABLE `users` (
  `id` int(11) UNSIGNED NOT NULL,
  `ip_address` varchar(45) NOT NULL,
  `username` varchar(100) DEFAULT NULL,
  `password` varchar(255) NOT NULL,
  `salt` varchar(255) DEFAULT NULL,
  `api_key` varchar(512) NOT NULL,
  `email` varchar(100) NOT NULL,
  `activation_code` varchar(40) DEFAULT NULL,
  `forgotten_password_code` varchar(40) DEFAULT NULL,
  `forgotten_password_time` int(11) UNSIGNED DEFAULT NULL,
  `remember_code` varchar(40) DEFAULT NULL,
  `created_on` int(11) UNSIGNED NOT NULL,
  `last_login` int(11) UNSIGNED DEFAULT NULL,
  `active` tinyint(1) UNSIGNED DEFAULT NULL,
  `first_name` varchar(50) DEFAULT NULL,
  `last_name` varchar(50) DEFAULT NULL,
  `sensor_limit` int(5) DEFAULT NULL
) ENGINE=InnoDB DEFAULT CHARSET=utf8;

--
-- Dumping data for table `users`
--

INSERT INTO `users` (`id`, `ip_address`, `username`, `password`, `salt`, `api_key`, `email`, `activation_code`, `forgotten_password_code`, `forgotten_password_time`, `remember_code`, `created_on`, `last_login`, `active`, `first_name`, `last_name`, `sensor_limit`) VALUES
(1, '127.0.0.1', 'administrator', '$2a$07$SeBknntpZror9uyftVopmu61qg0ms8Qv1yV6FG.kQOSM.9QhmTo36', '', '', 'admin@admin.com', '', NULL, NULL, NULL, 1268889823, 1268889823, 1, 'Admin', 'istrator', NULL),
(2, '::1', 'hadrianbsrg', '$2y$08$zevCjimkNuwkmn4IwRn7Deqfq3273/sbXzWbaazP5LH1lV2R7zLzq', NULL, '', 'bay@datangaja.com', NULL, NULL, NULL, NULL, 1460047354, 1464728274, 1, NULL, NULL, 10),
(3, '::1', 'hadrianbs', '$2y$08$kq7J/AWgJHs5af3TsrJFxO3fiShK/GXLmbLgVs8Jzhq4SRf.4PIDO', NULL, '', 'hadrianbayanulhaq@gmail.com', NULL, NULL, NULL, NULL, 1464633997, 1464682007, 1, NULL, NULL, 10);

-- --------------------------------------------------------

--
-- Table structure for table `users_groups`
--

CREATE TABLE `users_groups` (
  `id` int(11) UNSIGNED NOT NULL,
  `user_id` int(11) UNSIGNED NOT NULL,
  `group_id` mediumint(8) UNSIGNED NOT NULL
) ENGINE=InnoDB DEFAULT CHARSET=utf8;

--
-- Dumping data for table `users_groups`
--

INSERT INTO `users_groups` (`id`, `user_id`, `group_id`) VALUES
(1, 1, 1),
(2, 1, 2),
(3, 2, 2),
(4, 3, 2);

--
-- Indexes for dumped tables
--

--
-- Indexes for table `groups`
--
ALTER TABLE `groups`
  ADD PRIMARY KEY (`id`);

--
-- Indexes for table `login_attempts`
--
ALTER TABLE `login_attempts`
  ADD PRIMARY KEY (`id`);

--
-- Indexes for table `sensor`
--
ALTER TABLE `sensor`
  ADD PRIMARY KEY (`id`),
  ADD KEY `user_id` (`user_id`),
  ADD KEY `shared_with` (`shared_with`),
  ADD KEY `group_id` (`group_id`);

--
-- Indexes for table `sensor_collab`
--
ALTER TABLE `sensor_collab`
  ADD PRIMARY KEY (`sensor_collab_id`),
  ADD KEY `user_id` (`user_id`),
  ADD KEY `sensor_x_id` (`sensor_x_id`),
  ADD KEY `sensor_y_id` (`sensor_y_id`),
  ADD KEY `sensor_x_rule_id` (`sensor_x_rule_id`),
  ADD KEY `sensor_y_rule_id` (`sensor_y_rule_id`);

--
-- Indexes for table `sensor_collab_data`
--
ALTER TABLE `sensor_collab_data`
  ADD PRIMARY KEY (`sensor_collab_data_id`),
  ADD KEY `sensor_collab_id` (`sensor_collab_id`);

--
-- Indexes for table `sensor_data`
--
ALTER TABLE `sensor_data`
  ADD PRIMARY KEY (`id`),
  ADD KEY `sensor_id` (`sensor_id`);

--
-- Indexes for table `sensor_group`
--
ALTER TABLE `sensor_group`
  ADD PRIMARY KEY (`id`),
  ADD KEY `user_id` (`user_id`);

--
-- Indexes for table `sensor_rule`
--
ALTER TABLE `sensor_rule`
  ADD PRIMARY KEY (`rule_id`),
  ADD KEY `sensor_id_2` (`sensor_id`);

--
-- Indexes for table `sensor_rule_status`
--
ALTER TABLE `sensor_rule_status`
  ADD PRIMARY KEY (`status_id`),
  ADD KEY `sensor_rule_id` (`sensor_rule_id`);

--
-- Indexes for table `users`
--
ALTER TABLE `users`
  ADD PRIMARY KEY (`id`);

--
-- Indexes for table `users_groups`
--
ALTER TABLE `users_groups`
  ADD PRIMARY KEY (`id`),
  ADD UNIQUE KEY `uc_users_groups` (`user_id`,`group_id`),
  ADD KEY `fk_users_groups_users1_idx` (`user_id`),
  ADD KEY `fk_users_groups_groups1_idx` (`group_id`);

--
-- AUTO_INCREMENT for dumped tables
--

--
-- AUTO_INCREMENT for table `groups`
--
ALTER TABLE `groups`
  MODIFY `id` mediumint(8) UNSIGNED NOT NULL AUTO_INCREMENT, AUTO_INCREMENT=3;
--
-- AUTO_INCREMENT for table `login_attempts`
--
ALTER TABLE `login_attempts`
  MODIFY `id` int(11) UNSIGNED NOT NULL AUTO_INCREMENT;
--
-- AUTO_INCREMENT for table `sensor`
--
ALTER TABLE `sensor`
  MODIFY `id` int(11) UNSIGNED NOT NULL AUTO_INCREMENT, AUTO_INCREMENT=10;
--
-- AUTO_INCREMENT for table `sensor_collab`
--
ALTER TABLE `sensor_collab`
  MODIFY `sensor_collab_id` int(11) UNSIGNED NOT NULL AUTO_INCREMENT, AUTO_INCREMENT=4;
--
-- AUTO_INCREMENT for table `sensor_collab_data`
--
ALTER TABLE `sensor_collab_data`
  MODIFY `sensor_collab_data_id` int(11) UNSIGNED NOT NULL AUTO_INCREMENT;
--
-- AUTO_INCREMENT for table `sensor_data`
--
ALTER TABLE `sensor_data`
  MODIFY `id` int(255) UNSIGNED NOT NULL AUTO_INCREMENT, AUTO_INCREMENT=633;
--
-- AUTO_INCREMENT for table `sensor_group`
--
ALTER TABLE `sensor_group`
  MODIFY `id` int(11) UNSIGNED NOT NULL AUTO_INCREMENT;
--
-- AUTO_INCREMENT for table `sensor_rule`
--
ALTER TABLE `sensor_rule`
  MODIFY `rule_id` int(11) UNSIGNED NOT NULL AUTO_INCREMENT, AUTO_INCREMENT=6;
--
-- AUTO_INCREMENT for table `sensor_rule_status`
--
ALTER TABLE `sensor_rule_status`
  MODIFY `status_id` int(11) UNSIGNED NOT NULL AUTO_INCREMENT;
--
-- AUTO_INCREMENT for table `users`
--
ALTER TABLE `users`
  MODIFY `id` int(11) UNSIGNED NOT NULL AUTO_INCREMENT, AUTO_INCREMENT=4;
--
-- AUTO_INCREMENT for table `users_groups`
--
ALTER TABLE `users_groups`
  MODIFY `id` int(11) UNSIGNED NOT NULL AUTO_INCREMENT, AUTO_INCREMENT=5;
--
-- Constraints for dumped tables
--

--
-- Constraints for table `sensor`
--
ALTER TABLE `sensor`
  ADD CONSTRAINT `FK_sensor_sensor_group` FOREIGN KEY (`group_id`) REFERENCES `sensor_group` (`id`),
  ADD CONSTRAINT `FK_sensor_shared_with_users_id` FOREIGN KEY (`shared_with`) REFERENCES `users` (`id`) ON UPDATE CASCADE,
  ADD CONSTRAINT `FK_sensor_user_id_users_id` FOREIGN KEY (`user_id`) REFERENCES `users` (`id`) ON UPDATE CASCADE;

--
-- Constraints for table `sensor_collab`
--
ALTER TABLE `sensor_collab`
  ADD CONSTRAINT `fk_sensor_x` FOREIGN KEY (`sensor_x_id`) REFERENCES `sensor` (`id`) ON UPDATE CASCADE,
  ADD CONSTRAINT `fk_sensor_y` FOREIGN KEY (`sensor_y_id`) REFERENCES `sensor` (`id`) ON UPDATE CASCADE,
  ADD CONSTRAINT `fk_user_id` FOREIGN KEY (`user_id`) REFERENCES `users` (`id`);

--
-- Constraints for table `sensor_data`
--
ALTER TABLE `sensor_data`
  ADD CONSTRAINT `sensor_data_sensor_id_sensor_FK` FOREIGN KEY (`sensor_id`) REFERENCES `sensor` (`id`) ON UPDATE CASCADE;

--
-- Constraints for table `sensor_group`
--
ALTER TABLE `sensor_group`
  ADD CONSTRAINT `FK_sensor_group_users` FOREIGN KEY (`user_id`) REFERENCES `users` (`id`) ON UPDATE CASCADE;

--
-- Constraints for table `sensor_rule`
--
ALTER TABLE `sensor_rule`
  ADD CONSTRAINT `FK_sensor_id_sensor_rule_sensor` FOREIGN KEY (`sensor_id`) REFERENCES `sensor` (`id`) ON UPDATE CASCADE;

--
-- Constraints for table `users_groups`
--
ALTER TABLE `users_groups`
  ADD CONSTRAINT `fk_users_groups_groups1` FOREIGN KEY (`group_id`) REFERENCES `groups` (`id`) ON DELETE CASCADE ON UPDATE NO ACTION,
  ADD CONSTRAINT `fk_users_groups_users1` FOREIGN KEY (`user_id`) REFERENCES `users` (`id`) ON DELETE CASCADE ON UPDATE NO ACTION;

/*!40101 SET CHARACTER_SET_CLIENT=@OLD_CHARACTER_SET_CLIENT */;
/*!40101 SET CHARACTER_SET_RESULTS=@OLD_CHARACTER_SET_RESULTS */;
/*!40101 SET COLLATION_CONNECTION=@OLD_COLLATION_CONNECTION */;
